Month,Primary Energy Imports,Primary Energy Exports,Primary Energy Net Imports,Primary Energy Stock Change and Other,,
1973 January,1.17308,0.125781,1.047299,0.771858,,
1973 February,1.168005,0.120883,1.047122,0.390129,,
1973 March,1.309473,0.13995,1.169523,-0.06764,,
1973 April,1.085169,0.194185,0.890984,-0.110067,,
1973 May,1.162804,0.196775,0.966029,-0.305335,,
1973 June,1.129614,0.178871,0.950743,-0.315356,,
1973 July,1.216246,0.164134,1.052112,-0.291695,,
1973 August,1.297848,0.191049,1.106799,-0.39578,,
1973 September,1.226145,0.146492,1.079652,-0.430371,,
1973 October,1.315774,0.207655,1.108119,-0.337003,,
1973 November,1.321809,0.183453,1.138356,0.143584,,
1973 December,1.207179,0.183859,1.023319,0.489137,,
1974 January,1.083235,0.121461,0.961774,0.458905,,
1974 February,0.955624,0.164831,0.790793,0.463145,,
1974 March,1.064548,0.132223,0.932325,0.035739,,
1974 April,1.156477,0.186646,0.969831,-0.38581,,
1974 May,1.280713,0.217693,1.06302,-0.66603,,
1974 June,1.211565,0.225425,0.986139,-0.389243,,
1974 July,1.28033,0.200632,1.079698,-0.334259,,
1974 August,1.260397,0.19058,1.069817,-0.314204,,
1974 September,1.154422,0.169578,0.984844,-0.364592,,
1974 October,1.232624,0.246304,0.98632,-0.169305,,
1974 November,1.305091,0.225305,1.079786,0.50007,,
1974 December,1.31925,0.122687,1.196563,0.68555,,
1975 January,1.347568,0.162773,1.184795,0.593424,,
1975 February,1.108542,0.171418,0.937124,0.341812,,
1975 March,1.140333,0.199517,0.940816,0.211704,,
1975 April,0.97805,0.208831,0.76922,-0.057411,,
1975 May,1.040395,0.234229,0.806166,-0.531911,,
1975 June,1.033375,0.215488,0.817887,-0.487975,,
1975 July,1.168491,0.172327,0.996164,-0.291195,,
1975 August,1.226702,0.203021,1.023681,-0.341322,,
1975 September,1.275391,0.168853,1.106538,-0.595252,,
1975 October,1.235454,0.16808,1.067373,-0.388816,,
1975 November,1.215872,0.238836,0.977036,-0.127678,,
1975 December,1.262216,0.179878,1.082337,0.613458,,
1976 January,1.3127,0.133918,1.178782,0.939402,,
1976 February,1.229336,0.130286,1.09905,0.322967,,
1976 March,1.305794,0.148215,1.157579,-0.100949,,
1976 April,1.253496,0.203014,1.050483,-0.256462,,
1976 May,1.236985,0.193529,1.043456,-0.420022,,
1976 June,1.399163,0.222274,1.176889,-0.513435,,
1976 July,1.511982,0.1835,1.328482,-0.234563,,
1976 August,1.429463,0.164321,1.265142,-0.382852,,
1976 September,1.476783,0.197788,1.278995,-0.618356,,
1976 October,1.467472,0.200412,1.267061,-0.18424,,
1976 November,1.508602,0.214592,1.29401,0.358976,,
1976 December,1.628283,0.179839,1.448444,0.917189,,
1977 January,1.710226,0.100279,1.609947,1.308942,,
1977 February,1.738127,0.127518,1.610609,0.276578,,
1977 March,1.809005,0.136544,1.672461,-0.578259,,
1977 April,1.623215,0.195647,1.427568,-0.6107,,
1977 May,1.647862,0.210991,1.436871,-0.740491,,
1977 June,1.653446,0.208999,1.444448,-0.571927,,
1977 July,1.732038,0.195242,1.536797,-0.330069,,
1977 August,1.642039,0.165718,1.47632,-0.364124,,
1977 September,1.593901,0.192805,1.401096,-0.663427,,
1977 October,1.619758,0.186155,1.433603,-0.577906,,
1977 November,1.525978,0.171202,1.354776,-0.270563,,
1977 December,1.652535,0.16079,1.491745,1.17278,,
1978 January,1.609273,0.076735,1.532539,1.551345,,
1978 February,1.42092,0.056798,1.364122,1.381459,,
1978 March,1.646151,0.064605,1.581546,0.352515,,
1978 April,1.466543,0.132187,1.334356,-0.497,,
1978 May,1.479371,0.181963,1.297408,-0.617937,,
1978 June,1.512571,0.21968,1.292891,-0.614643,,
1978 July,1.600652,0.160129,1.440523,-0.437914,,
1978 August,1.601528,0.176105,1.425422,-0.459619,,
1978 September,1.682186,0.183946,1.49824,-0.61006,,
1978 October,1.616595,0.222759,1.393835,-0.558751,,
1978 November,1.666014,0.236659,1.429356,-0.251623,,
1978 December,1.804366,0.208871,1.595495,0.422408,,
1979 January,1.769279,0.174569,1.594709,1.004923,,
1979 February,1.515101,0.15928,1.355821,0.973569,,
1979 March,1.708567,0.241045,1.467522,0.007815,,
1979 April,1.50324,0.233873,1.269367,-0.398909,,
1979 May,1.587866,0.250145,1.337721,-0.620881,,
1979 June,1.581381,0.250673,1.330708,-0.651859,,
1979 July,1.669406,0.265735,1.40367,-0.302246,,
1979 August,1.674783,0.259451,1.415332,-0.584493,,
1979 September,1.52275,0.218586,1.304164,-0.584935,,
1979 October,1.694041,0.28248,1.411561,-0.672622,,
1979 November,1.551628,0.261386,1.290242,-0.182937,,
1979 December,1.681775,0.25789,1.423885,0.369039,,
1980 January,1.679961,0.225585,1.454376,0.302537,,
1980 February,1.458972,0.208653,1.250319,0.433663,,
1980 March,1.461064,0.262475,1.198588,-0.012339,,
1980 April,1.32502,0.285794,1.039226,-0.472372,,
1980 May,1.266758,0.343299,0.923459,-0.644948,,
1980 June,1.27309,0.358751,0.914339,-0.572578,,
1980 July,1.195105,0.322017,0.873088,-0.125692,,
1980 August,1.18835,0.311891,0.876459,-0.290075,,
1980 September,1.154368,0.329056,0.825311,-0.289239,,
1980 October,1.233094,0.369312,0.863782,-0.179291,,
1980 November,1.212647,0.34119,0.871458,0.081628,,
1980 December,1.3478,0.33675,1.01105,0.538219,,
1981 January,1.327837,0.260909,1.066928,0.914377,,
1981 February,1.193052,0.276662,0.916391,0.192008,,
1981 March,1.173761,0.369183,0.804578,-0.086788,,
1981 April,1.066492,0.324137,0.742355,0.331906,,
1981 May,1.112558,0.273023,0.839534,0.156835,,
1981 June,1.022351,0.245397,0.776954,-0.184218,,
1981 July,1.121443,0.392644,0.728799,-0.273337,,
1981 August,1.113573,0.41954,0.694033,-0.509471,,
1981 September,1.183724,0.410856,0.772868,-0.692172,,
1981 October,1.160414,0.465502,0.694912,-0.448601,,
1981 November,1.090669,0.439771,0.650898,-0.136429,,
1981 December,1.153155,0.429619,0.723536,0.468348,,
1982 January,1.06643,0.316441,0.749989,0.981013,,
1982 February,0.872937,0.373937,0.499,0.53027,,
1982 March,0.892758,0.440048,0.45271,0.027239,,
1982 April,0.83866,0.425018,0.413643,-0.002017,,
1982 May,0.940268,0.417923,0.522345,-0.541984,,
1982 June,0.992314,0.414798,0.577516,-0.549912,,
1982 July,1.133264,0.383841,0.749423,-0.304981,,
1982 August,1.01679,0.356374,0.660416,-0.430863,,
1982 September,1.017597,0.374181,0.643417,-0.422708,,
1982 October,1.041527,0.436056,0.605471,-0.340962,,
1982 November,1.100767,0.348893,0.751875,-0.081028,,
1982 December,0.947767,0.320089,0.627678,0.402519,,
1983 January,0.921274,0.299176,0.622098,0.74739,,
1983 February,0.710558,0.262163,0.448395,0.562861,,
1983 March,0.76137,0.316061,0.445309,0.487597,,
1983 April,0.908755,0.310203,0.598553,0.031185,,
1983 May,0.98575,0.343613,0.642137,-0.262568,,
1983 June,0.996939,0.331364,0.665575,-0.191096,,
1983 July,1.101022,0.271255,0.829766,-0.044353,,
1983 August,1.174792,0.34676,0.828032,-0.224057,,
1983 September,1.146221,0.322919,0.823301,-0.419217,,
1983 October,1.024738,0.323607,0.70113,-0.454264,,
1983 November,0.996576,0.277961,0.718614,-0.137634,,
1983 December,1.023809,0.287847,0.735962,0.69453,,
1984 January,1.078119,0.244738,0.833381,0.958467,,
1984 February,1.030642,0.217414,0.813228,0.196071,,
1984 March,1.026372,0.313676,0.712695,0.210073,,
1984 April,1.013233,0.324792,0.688441,-0.060419,,
1984 May,1.146603,0.363003,0.783599,-0.553537,,
1984 June,1.017653,0.364921,0.652732,-0.294932,,
1984 July,1.039496,0.324437,0.715059,-0.338267,,
1984 August,0.973125,0.357832,0.615294,-0.378398,,
1984 September,0.979169,0.353487,0.625682,-0.541275,,
1984 October,1.113921,0.293857,0.820063,-0.407618,,
1984 November,1.062052,0.268968,0.793083,-0.081487,,
1984 December,0.990343,0.359021,0.631322,0.378709,,
1985 January,0.90482,0.303303,0.601517,0.967338,,
1985 February,0.73896,0.30413,0.43483,1.032745,,
1985 March,0.938271,0.311093,0.627179,0.109915,,
1985 April,1.009283,0.32678,0.682503,-0.17561,,
1985 May,1.120084,0.378169,0.741914,-0.491088,,
1985 June,0.932317,0.337928,0.594389,-0.218837,,
1985 July,0.962098,0.324699,0.6374,0.030629,,
1985 August,0.924128,0.416556,0.507572,0.046579,,
1985 September,0.937626,0.362598,0.575029,-0.310781,,
1985 October,1.003525,0.362454,0.641071,-0.351075,,
1985 November,1.145918,0.403539,0.742379,-0.134645,,
1985 December,1.163543,0.36493,0.798614,0.584066,,
1986 January,1.118689,0.31788,0.800809,0.582336,,
1986 February,0.850971,0.285113,0.565858,0.594526,,
1986 March,0.918255,0.305316,0.612939,0.313024,,
1986 April,1.007339,0.376285,0.631055,-0.048284,,
1986 May,1.219801,0.362502,0.8573,-0.346323,,
1986 June,1.255401,0.313467,0.941933,-0.322853,,
1986 July,1.314651,0.336621,0.97803,-0.052872,,
1986 August,1.360371,0.372569,0.987802,-0.31139,,
1986 September,1.309332,0.34579,0.963542,-0.515514,,
1986 October,1.243122,0.348583,0.894539,-0.488362,,
1986 November,1.239755,0.32966,0.910095,-0.24457,,
1986 December,1.313714,0.327693,0.986021,0.279762,,
1987 January,1.262434,0.279001,0.983433,0.618435,,
1987 February,1.07584,0.288662,0.787178,0.578527,,
1987 March,1.147062,0.309288,0.837773,0.165247,,
1987 April,1.12268,0.321842,0.800839,0.067679,,
1987 May,1.173728,0.298087,0.875641,-0.163716,,
1987 June,1.259103,0.317274,0.94183,-0.145975,,
1987 July,1.455012,0.304889,1.150123,0.046828,,
1987 August,1.44313,0.331515,1.111615,-0.276581,,
1987 September,1.345792,0.321435,1.024357,-0.473074,,
1987 October,1.386298,0.29986,1.086438,-0.544376,,
1987 November,1.360877,0.327548,1.033329,-0.35187,,
1987 December,1.366267,0.412549,0.953718,0.3953,,
1988 January,1.451051,0.284978,1.166073,0.715419,,
1988 February,1.357434,0.272704,1.08473,0.576522,,
1988 March,1.387994,0.347037,1.040957,0.234659,,
1988 April,1.381018,0.361577,1.019441,-0.145559,,
1988 May,1.461137,0.36761,1.093527,-0.364226,,
1988 June,1.382768,0.388899,0.993869,-0.068124,,
1988 July,1.442954,0.376724,1.066231,0.158659,,
1988 August,1.451522,0.402504,1.049017,-0.012135,,
1988 September,1.42076,0.393352,1.027408,-0.324311,,
1988 October,1.540071,0.378123,1.161948,-0.314478,,
1988 November,1.481504,0.357231,1.124273,-0.1736,,
1988 December,1.537717,0.435713,1.102003,0.558122,,
1989 January,1.627406,0.3138,1.313606,0.326454,,
1989 February,1.434034,0.331006,1.103028,0.714072,,
1989 March,1.47982,0.393816,1.086004,0.448911,,
1989 April,1.543229,0.397376,1.145853,-0.076298,,
1989 May,1.539957,0.412071,1.127886,-0.355764,,
1989 June,1.520105,0.436451,1.083654,-0.040453,,
1989 July,1.643288,0.319511,1.323777,0.019681,,
1989 August,1.678367,0.40208,1.276287,-0.318252,,
1989 September,1.536456,0.382094,1.154362,-0.353947,,
1989 October,1.637013,0.408364,1.228649,-0.331554,,
1989 November,1.595702,0.444459,1.151243,-0.082413,,
1989 December,1.53092,0.41987,1.11105,1.400438,,
1990 January,1.814349,0.344036,1.470313,0.065094,,
1990 February,1.502284,0.312469,1.189816,0.119414,,
1990 March,1.575624,0.405798,1.169826,-0.008481,,
1990 April,1.51224,0.370383,1.141857,-0.077158,,
1990 May,1.735659,0.395314,1.340345,-0.465019,,
1990 June,1.669248,0.398404,1.270844,-0.223801,,
1990 July,1.780529,0.376414,1.404115,-0.136588,,
1990 August,1.698821,0.427652,1.271169,-0.076565,,
1990 September,1.429787,0.429923,0.999864,-0.033839,,
1990 October,1.380127,0.411267,0.96886,-0.231607,,
1990 November,1.382103,0.452523,0.929581,-0.02159,,
1990 December,1.336487,0.428301,0.908186,0.791643,,
1991 January,1.471087,0.390709,1.080379,0.782312,,
1991 February,1.286755,0.459208,0.827547,0.387292,,
1991 March,1.37714,0.390163,0.986977,0.12972,,
1991 April,1.464692,0.321809,1.142883,-0.264742,,
1991 May,1.7076,0.480037,1.227563,-0.366601,,
1991 June,1.600869,0.414046,1.186823,-0.130927,,
1991 July,1.570141,0.448328,1.121813,0.149042,,
1991 August,1.725884,0.442335,1.283548,-0.187715,,
1991 September,1.5365,0.426834,1.109667,-0.172234,,
1991 October,1.533753,0.424921,1.108832,-0.276703,,
1991 November,1.527844,0.457316,1.070529,0.158015,,
1991 December,1.532556,0.485261,1.047295,0.659082,,
1992 January,1.590406,0.448024,1.142381,0.634758,,
1992 February,1.356391,0.362809,0.993582,0.594618,,
1992 March,1.483558,0.407686,1.075872,0.405894,,
1992 April,1.621017,0.408689,1.212328,-0.001359,,
1992 May,1.620481,0.42779,1.192691,-0.187164,,
1992 June,1.588682,0.418893,1.169789,-0.15483,,
1992 July,1.740163,0.436025,1.304138,0.009631,,
1992 August,1.700604,0.361507,1.339097,-0.18354,,
1992 September,1.631103,0.411916,1.219187,-0.237799,,
1992 October,1.755176,0.377684,1.377492,-0.396662,,
1992 November,1.622571,0.421614,1.200957,0.122935,,
1992 December,1.662053,0.454305,1.207748,0.76997,,
1993 January,1.680292,0.389729,1.290564,0.623401,,
1993 February,1.522006,0.356372,1.165634,0.820386,,
1993 March,1.739272,0.337857,1.401415,0.484915,,
1993 April,1.757399,0.33444,1.422959,-0.110557,,
1993 May,1.769177,0.368658,1.40052,-0.373319,,
1993 June,1.764122,0.395983,1.36814,-0.187543,,
1993 July,1.904233,0.366057,1.538176,0.240358,,
1993 August,1.775181,0.313203,1.461978,0.185735,,
1993 September,1.73156,0.330493,1.401067,-0.159841,,
1993 October,1.913722,0.336807,1.576916,-0.297004,,
1993 November,1.819945,0.313287,1.506658,0.104186,,
1993 December,1.841424,0.383788,1.457635,0.672121,,
1994 January,1.721799,0.301016,1.420782,1.297963,,
1994 February,1.629586,0.268122,1.361464,0.868748,,
1994 March,1.813833,0.342258,1.471575,0.009653,,
1994 April,1.818279,0.29098,1.527299,-0.323337,,
1994 May,1.911308,0.315409,1.595899,-0.521044,,
1994 June,1.869233,0.364898,1.504335,-0.14846,,
1994 July,2.041825,0.323213,1.718611,-0.146952,,
1994 August,1.987285,0.354255,1.63303,-0.306169,,
1994 September,1.957682,0.35783,1.599853,-0.534198,,
1994 October,1.862735,0.352528,1.510206,-0.285952,,
1994 November,1.794387,0.355634,1.438752,-0.219386,,
1994 December,1.898721,0.409139,1.489581,0.339224,,
1995 January,1.73749,0.350851,1.386639,0.698373,,
1995 February,1.633285,0.337213,1.296072,0.714827,,
1995 March,1.931916,0.371297,1.560619,0.063568,,
1995 April,1.760335,0.375561,1.384774,0.019778,,
1995 May,1.847711,0.3813,1.466412,-0.228859,,
1995 June,1.931513,0.385814,1.545699,-0.175227,,
1995 July,1.868917,0.351448,1.517469,0.172089,,
1995 August,1.917884,0.359064,1.55882,0.274605,,
1995 September,1.987278,0.362921,1.624357,-0.340093,,
1995 October,1.838622,0.390446,1.448176,-0.225219,,
1995 November,1.862515,0.384029,1.478485,0.159267,,
1995 December,1.862149,0.445947,1.416202,0.986032,,
1996 January,1.988266,0.382039,1.606227,1.11126,,
1996 February,1.691399,0.367855,1.323543,0.9838,,
1996 March,1.925054,0.350848,1.574206,0.428224,,
1996 April,1.915001,0.373202,1.541799,-0.106645,,
1996 May,2.104389,0.371114,1.733275,-0.360497,,
1996 June,2.003971,0.380941,1.62303,-0.124808,,
1996 July,2.059825,0.389241,1.670584,-0.056693,,
1996 August,2.087835,0.375187,1.712648,-0.113921,,
1996 September,1.880212,0.417916,1.462296,-0.197201,,
1996 October,2.063822,0.41346,1.650362,-0.165079,,
1996 November,1.909379,0.401802,1.507577,0.376755,,
1996 December,2.004101,0.388943,1.615159,0.704737,,
1997 January,2.069048,0.390121,1.678927,0.889795,,
1997 February,1.825327,0.330234,1.495092,0.545694,,
1997 March,2.067558,0.36635,1.701208,0.090999,,
1997 April,2.043597,0.354531,1.689066,-0.051508,,
1997 May,2.231243,0.35721,1.874033,-0.590444,,
1997 June,2.152504,0.354161,1.798343,-0.239929,,
1997 July,2.096201,0.371342,1.724859,0.251829,,
1997 August,2.187522,0.434819,1.752703,0.049651,,
1997 September,2.133596,0.374964,1.758631,-0.317664,,
1997 October,2.248317,0.403295,1.845021,-0.288775,,
1997 November,2.058563,0.351987,1.706576,0.280021,,
1997 December,2.005764,0.404382,1.601382,0.84269,,
1998 January,2.162736,0.404923,1.757813,0.448116,,
1998 February,1.911604,0.314846,1.596759,0.336958,,
1998 March,2.114947,0.357569,1.757377,0.129496,,
1998 April,2.239636,0.368491,1.871144,-0.366189,,
1998 May,2.294969,0.395844,1.899125,-0.476702,,
1998 June,2.206581,0.366914,1.839667,-0.153003,,
1998 July,2.425219,0.362567,2.062652,0.086938,,
1998 August,2.329718,0.328791,2.000926,0.096105,,
1998 September,2.139946,0.341731,1.798215,-0.048794,,
1998 October,2.273754,0.347724,1.92603,-0.439212,,
1998 November,2.198832,0.302757,1.896075,-0.245998,,
1998 December,2.174578,0.344582,1.829996,0.491362,,
1999 January,2.230368,0.291152,1.939216,0.822705,,
1999 February,2.053818,0.239285,1.814532,0.250248,,
1999 March,2.269658,0.274649,1.995008,0.176366,,
1999 April,2.344189,0.342861,2.001328,-0.118802,,
1999 May,2.397598,0.291118,2.10648,-0.374705,,
1999 June,2.270249,0.30918,1.961069,-0.096642,,
1999 July,2.444238,0.31104,2.133198,0.179707,,
1999 August,2.36884,0.324306,2.044535,0.217118,,
1999 September,2.207964,0.298718,1.909246,-0.18156,,
1999 October,2.261398,0.334303,1.927095,-0.088142,,
1999 November,2.117997,0.311809,1.806189,-0.107289,,
1999 December,2.185265,0.340371,1.844894,0.698529,,
2000 January,2.202712,0.318532,1.884179,1.038043,,
2000 February,2.197317,0.262365,1.934952,0.724425,,
2000 March,2.358662,0.360495,1.998167,0.010993,,
2000 April,2.364967,0.303161,2.061805,-0.120092,,
2000 May,2.401082,0.319377,2.081705,-0.079212,,
2000 June,2.455863,0.316959,2.138904,-0.097827,,
2000 July,2.48172,0.308008,2.173712,0.105211,,
2000 August,2.592801,0.377362,2.215439,0.141744,,
2000 September,2.44013,0.318828,2.121303,-0.200748,,
2000 October,2.425012,0.368946,2.056067,-0.243858,,
2000 November,2.352358,0.371588,1.98077,0.130264,,
2000 December,2.592629,0.336045,2.256584,1.120417,,
2001 January,2.684007,0.343018,2.340989,0.778427,,
2001 February,2.275473,0.281421,1.994052,0.547824,,
2001 March,2.614857,0.286021,2.328836,-0.035736,,
2001 April,2.59639,0.310305,2.286085,-0.439099,,
2001 May,2.653393,0.35224,2.301153,-0.735707,,
2001 June,2.431719,0.299518,2.132201,-0.457387,,
2001 July,2.580344,0.275281,2.305064,-0.148702,,
2001 August,2.533412,0.334294,2.199119,-0.099427,,
2001 September,2.45207,0.287774,2.164296,-0.570544,,
2001 October,2.453097,0.310511,2.142586,-0.563444,,
2001 November,2.400776,0.325163,2.075613,-0.454665,,
2001 December,2.376635,0.325564,2.051072,0.245759,,
2002 January,2.407273,0.287616,2.119657,0.415375,,
2002 February,2.143063,0.28462,1.858443,0.417291,,
2002 March,2.421077,0.262905,2.158172,0.277871,,
2002 April,2.427617,0.288512,2.139105,-0.175403,,
2002 May,2.503646,0.290081,2.213564,-0.446312,,
2002 June,2.435687,0.304092,2.131595,-0.075766,,
2002 July,2.521561,0.266196,2.255366,0.196755,,
2002 August,2.581758,0.338636,2.243122,0.074954,,
2002 September,2.343444,0.296349,2.047095,-0.112825,,
2002 October,2.559275,0.328264,2.231011,-0.236516,,
2002 November,2.542731,0.308158,2.234573,0.06589,,
2002 December,2.443411,0.352811,2.0906,0.758735,,
2003 January,2.419513,0.373346,2.046168,1.185899,,
2003 February,2.170238,0.294867,1.875371,1.151579,,
2003 March,2.575172,0.308318,2.266854,0.196546,,
2003 April,2.605578,0.327025,2.278553,-0.372977,,
2003 May,2.739834,0.351413,2.38842,-0.66277,,
2003 June,2.65311,0.346524,2.306586,-0.484298,,
2003 July,2.741513,0.335838,2.405675,-0.024724,,
2003 August,2.721133,0.331186,2.389947,0.065952,,
2003 September,2.656169,0.32076,2.335409,-0.483519,,
2003 October,2.659108,0.345301,2.313807,-0.429388,,
2003 November,2.448815,0.335859,2.112955,0.143571,,
2003 December,2.616765,0.342692,2.274073,0.670417,,
2004 January,2.620406,0.293786,2.326621,1.002868,,
2004 February,2.557755,0.305192,2.252563,0.913169,,
2004 March,2.838301,0.3814,2.456902,-0.011179,,
2004 April,2.685335,0.403009,2.282326,-0.229953,,
2004 May,2.871301,0.383469,2.487833,-0.331169,,
2004 June,2.82737,0.38284,2.44453,-0.363682,,
2004 July,2.935243,0.364962,2.570281,-0.157571,,
2004 August,2.939559,0.368169,2.57139,-0.20238,,
2004 September,2.661257,0.355972,2.305285,-0.160154,,
2004 October,2.868717,0.343462,2.525255,-0.325574,,
2004 November,2.807686,0.343311,2.464374,-0.113091,,
2004 December,2.879319,0.425789,2.453531,0.670729,,
2005 January,2.844689,0.359447,2.485242,0.832745,,
2005 February,2.696854,0.367516,2.329338,0.433747,,
2005 March,2.896878,0.405872,2.491006,0.10384,,
2005 April,2.777684,0.393131,2.384553,-0.42429,,
2005 May,2.957281,0.432842,2.524439,-0.491583,,
2005 June,2.911081,0.451143,2.459938,-0.213434,,
2005 July,3.008039,0.386297,2.621742,0.033392,,
2005 August,2.945546,0.389833,2.555713,0.149334,,
2005 September,2.74365,0.302734,2.440916,-0.041987,,
2005 October,3.0058,0.306155,2.699645,-0.390948,,
2005 November,2.905754,0.294863,2.61089,-0.263934,,
2005 December,2.966014,0.372053,2.593961,0.80039,,
2006 January,2.950482,0.350341,2.600141,0.180052,,
2006 February,2.630297,0.328768,2.301529,0.474756,,
2006 March,2.796824,0.372633,2.424192,0.172147,,
2006 April,2.784947,0.37022,2.414727,-0.447816,,
2006 May,3.034537,0.42322,2.611317,-0.684335,,
2006 June,2.933685,0.407412,2.526273,-0.351217,,
2006 July,3.015386,0.390463,2.624923,0.009555,,
2006 August,3.14964,0.407949,2.741692,-0.077553,,
2006 September,2.986634,0.446167,2.540468,-0.507564,,
2006 October,2.861076,0.422436,2.43864,-0.289351,,
2006 November,2.711032,0.423896,2.287135,-0.046576,,
2006 December,2.794248,0.383833,2.410416,0.360415,,
2007 January,2.981632,0.434676,2.546956,0.536106,,
2007 February,2.461838,0.339708,2.12213,1.155593,,
2007 March,3.044348,0.410738,2.63361,-0.11721,,
2007 April,2.912455,0.40777,2.504684,-0.348121,,
2007 May,3.054552,0.438586,2.615966,-0.690071,,
2007 June,2.870868,0.414777,2.456091,-0.3116,,
2007 July,3.029216,0.490083,2.539133,-0.061847,,
2007 August,3.033339,0.465623,2.567716,0.107996,,
2007 September,2.877046,0.427378,2.449668,-0.289631,,
2007 October,2.806804,0.430604,2.3762,-0.391278,,
2007 November,2.763991,0.549215,2.214775,-0.068042,,
2007 December,2.842446,0.528652,2.313794,0.692675,,
2008 January,2.948052,0.530649,2.417403,0.796405,,
2008 February,2.602595,0.523457,2.079138,0.750785,,
2008 March,2.759004,0.600703,2.158302,0.26249,,
2008 April,2.775943,0.586209,2.189734,-0.355466,,
2008 May,2.742533,0.615485,2.127049,-0.451421,,
2008 June,2.766681,0.617231,2.14945,-0.182431,,
2008 July,2.81667,0.600389,2.216281,-0.202458,,
2008 August,2.838863,0.579166,2.259697,-0.344082,,
2008 September,2.446439,0.515312,1.931127,-0.221251,,
2008 October,2.826743,0.585062,2.241681,-0.561986,,
2008 November,2.690385,0.586393,2.103992,-0.251408,,
2008 December,2.756459,0.609126,2.147332,0.34846,,
2009 January,2.827832,0.594788,2.233044,0.597091,,
2009 February,2.377441,0.502204,1.875236,0.273279,,
2009 March,2.664286,0.554864,2.109422,-0.303906,,
2009 April,2.485878,0.503105,1.982773,-0.575192,,
2009 May,2.43555,0.532902,1.902648,-0.698731,,
2009 June,2.456688,0.562048,1.89464,-0.438312,,
2009 July,2.550358,0.615762,1.934596,-0.332476,,
2009 August,2.445573,0.592081,1.853492,-0.076557,,
2009 September,2.453528,0.59572,1.857808,-0.498925,,
2009 October,2.325738,0.643756,1.681982,-0.210295,,
2009 November,2.315794,0.597667,1.718127,-0.133078,,
2009 December,2.351669,0.625304,1.726364,0.977481,,
2010 January,2.514866,0.58599,1.928875,1.034547,,
2010 February,2.236021,0.551748,1.684273,0.779115,,
2010 March,2.518272,0.649691,1.868581,-0.058512,,
2010 April,2.578934,0.681027,1.897908,-0.587608,,
2010 May,2.577522,0.698946,1.878576,-0.419052,,
2010 June,2.555147,0.67921,1.875938,-0.074475,,
2010 July,2.704398,0.710795,1.993603,0.035962,,
2010 August,2.626105,0.692788,1.933317,0.095633,,
2010 September,2.430501,0.670074,1.760427,-0.356587,,
2010 October,2.389302,0.709115,1.680187,-0.525382,,
2010 November,2.288173,0.754706,1.533467,-0.001725,,
2010 December,2.446525,0.791941,1.654584,0.99385,,
2011 January,2.645132,0.833665,1.811467,0.980394,,
2011 February,2.117784,0.753172,1.364611,0.837651,,
2011 March,2.530831,0.872969,1.657863,-0.007902,,
2011 April,2.403862,0.870429,1.533433,-0.349574,,
2011 May,2.490008,0.840131,1.649877,-0.519063,,
2011 June,2.408985,0.81153,1.597455,-0.151886,,
2011 July,2.495438,0.846629,1.64881,0.22149,,
2011 August,2.39665,0.872185,1.524464,0.163114,,
2011 September,2.286937,0.884387,1.402551,-0.290707,,
2011 October,2.345885,0.883309,1.462575,-0.57919,,
2011 November,2.266041,0.88675,1.37929,-0.261912,,
2011 December,2.360429,1.017562,1.342866,0.346585,,
2012 January,2.359728,0.851579,1.50815,0.21955,,
2012 February,2.141501,0.823604,1.317897,0.298156,,
2012 March,2.295457,0.953318,1.342139,-0.333664,,
2012 April,2.210592,0.979321,1.231271,-0.302974,,
2012 May,2.391594,0.99162,1.399975,-0.402184,,
2012 June,2.370455,0.977275,1.393181,-0.125204,,
2012 July,2.352838,0.964289,1.388549,0.144404,,
2012 August,2.359815,0.932236,1.427579,-0.004757,,
2012 September,2.198315,0.898548,1.299767,-0.383864,,
2012 October,2.175903,0.936499,1.239404,-0.359968,,
2012 November,2.118819,0.923772,1.195047,0.016022,,
2012 December,2.093128,1.035291,1.057837,0.564478,,
2013 January,2.163805,0.885251,1.278554,0.849528,,
2013 February,1.8042,0.853621,0.950579,0.830327,,
2013 March,2.026198,1.020149,1.006049,0.55534,,
2013 April,2.05532,0.904987,1.150333,-0.252622,,
2013 May,2.137389,0.994818,1.142571,-0.458491,,
2013 June,2.040001,0.958085,1.081916,-0.110818,,
2013 July,2.168373,1.013644,1.154729,0.044166,,
2013 August,2.157734,1.016858,1.140875,-0.100239,,
2013 September,2.06474,0.955019,1.109721,-0.281657,,
2013 October,2.016373,1.062513,0.953859,-0.132216,,
2013 November,1.923917,0.983436,0.940481,0.334222,,
2013 December,2.064516,1.139164,0.925352,1.155903,,
2014 January,2.058377,0.999612,1.058765,1.352711,,
2014 February,1.798325,0.923229,0.875096,1.073866,,
2014 March,1.976814,1.08787,0.888944,0.331627,,
2014 April,1.949044,0.971592,0.977452,-0.561061,,
2014 May,1.979257,1.013292,0.965966,-0.682288,,
2014 June,1.829108,1.014303,0.814805,-0.271477,,
2014 July,1.995006,1.060902,0.934105,-0.259389,,
2014 August,1.972179,1.060628,0.911551,-0.273344,,
2014 September,1.888962,0.965961,0.923002,-0.579798,,
2014 October,1.899391,1.008603,0.890788,-0.655885,,
2014 November,1.878978,1.024117,0.854861,-0.02982,,
2014 December,2.015545,1.139668,0.875877,0.146173,,
2015 January,2.075296,1.102799,0.972497,0.609227,,
2015 February,1.839729,1.0057,0.834029,0.89951,,
2015 March,2.078916,1.035106,1.04381,-0.206271,,
2015 April,1.921578,1.105445,0.816133,-0.681402,,
2015 May,2.000193,1.110182,0.890011,-0.614788,,
2015 June,1.962594,1.032342,0.930252,-0.156848,,
2015 July,2.031954,1.095109,0.936845,-0.04814,,
2015 August,2.081931,1.053589,1.028342,-0.367519,,
2015 September,1.925426,1.076211,0.849215,-0.490025,,
2015 October,1.901351,1.069625,0.831727,-0.587516,,
2015 November,1.898708,1.060174,0.838534,-0.282254,,
2015 December,2.075998,1.15587,0.920127,0.165148,,
2016 January,2.103195,1.099,1.004195,0.816894,,
2016 February,2.026808,1.037638,0.98917,0.423698,,
2016 March,2.135119,1.167178,0.967941,-0.123961,,
2016 April,2.026277,1.122731,0.903546,-0.186075,,
2016 May,2.165413,1.242526,0.922887,-0.342053,,
2016 June,2.070735,1.190165,0.88057,0.150077,,
2016 July,2.25379,1.130691,1.1231,0.19785,,
2016 August,2.211385,1.186213,1.025171,0.307883,,
2016 September,2.097864,1.184215,0.913648,-0.026396,,
2016 October,2.058266,1.124287,0.933978,-0.396719,,
2016 November,2.105279,1.262829,0.842449,-0.163635,,
2016 December,2.123956,1.371734,0.752223,1.118651,,
2017 January,2.314684,1.380433,0.934251,0.742564,,
2017 February,1.959252,1.389046,0.570205,0.307512,,
2017 March,2.194988,1.470174,0.724814,0.305857,,
2017 April,2.111712,1.421182,0.690529,-0.256205,,
2017 May,2.263762,1.452963,0.810799,-0.355179,,
2017 June,2.117259,1.4344,0.682859,-0.030073,,
2017 July,2.129007,1.45849,0.670517,0.336833,,
2017 August,2.153423,1.393328,0.760095,0.015908,,
2017 September,1.99326,1.47795,0.51531,-0.127522,,
2017 October,2.064724,1.683261,0.381463,-0.153624,,
2017 November,2.023431,1.657555,0.365876,0.187121,,
2017 December,2.132348,1.726816,0.405532,1.044287,,
2018 January,2.227522,1.572446,0.655075,1.262995,,
2018 February,1.860679,1.52459,0.33609,0.518967,,
2018 March,2.114327,1.742406,0.371921,0.352487,,
2018 April,2.12512,1.791851,0.333269,-0.049356,,
2018 May,2.142157,1.774731,0.367426,-0.347797,,
2018 June,2.17634,1.762188,0.414152,-0.138163,,
2018 July,2.16145,1.863194,0.298256,0.197904,,
2018 August,2.191516,1.737064,0.454452,-0.168605,,
2018 September,1.998803,1.723356,0.275447,-0.401162,,
2018 October,1.981975,1.893627,0.088348,-0.269159,,
2018 November,1.895825,1.883561,0.012264,0.317285,,
2018 December,1.957559,1.954641,0.002918,0.539829,,
2019 January,2.121899,1.910215,0.211685,0.804038,,
2019 February,1.700241,1.724712,-0.024471,0.728776,,
2019 March,1.924651,1.912069,0.012582,0.352565,,
2019 April,1.924807,1.892923,0.031884,-0.681066,,
2019 May,2.045868,1.953797,0.092071,-0.791148,,
2019 June,1.889378,1.940025,-0.050648,-0.366676,,
2019 July,2.020569,1.888848,0.131721,-0.10595,,
2019 August,1.97528,1.969309,0.005971,-0.204968,,
2019 September,1.789243,1.976907,-0.187664,-0.369901,,
2019 October,1.816105,2.087737,-0.271633,-0.437318,,
2019 November,1.688425,2.028612,-0.340187,0.269663,,
2019 December,1.968761,2.190414,-0.221653,0.406233,,
2020 January,1.871493,2.175213,-0.30372,0.442605,,
2020 February,1.72719,2.088791,-0.361601,0.595535,,
2020 March,1.782154,2.236072,-0.453918,-0.144326,,
2020 April,1.507487,1.879794,-0.372307,-0.951489,,
2020 May,1.651252,1.693721,-0.04247,-0.625674,,
2020 June,1.704521,1.658983,0.045539,-0.447847,,
2020 July,1.69169,1.874128,-0.182439,0.22891,,
2020 August,1.612727,1.877792,-0.265065,0.291486,,
2020 September,1.544957,1.852767,-0.307809,-0.13557,,
2020 October,1.578486,1.975293,-0.396807,0.102413,,
2020 November,1.596209,1.956907,-0.360697,0.073963,,
2020 December,1.719896,2.194463,-0.474567,1.056672,,
2021 January,1.771525,2.082925,-0.311399,1.005621,,
2021 February,1.565742,1.666903,-0.101161,1.396497,,
2021 March,1.788106,2.067107,-0.279001,0.032874,,
2021 April,1.702768,2.10447,-0.401702,-0.087914,,
2021 May,1.799127,2.131187,-0.33206,-0.338114,,
2021 June,1.890417,2.204428,-0.314011,0.199754,,
2021 July,1.877723,2.085376,-0.207653,0.263036,,
2021 August,1.845777,2.183267,-0.33749,0.448918,,
2021 September,1.829001,1.924995,-0.095993,-0.267295,,
2021 October,1.751844,2.062901,-0.311057,-0.32503,,
2021 November,1.774257,2.171553,-0.397296,0.167884,,
2021 December,1.8591,2.386337,-0.527237,0.557425,,
2022 January,1.840996,2.170278,-0.329282,1.234952,,
2022 February,1.686566,2.016371,-0.329805,0.895602,,
2022 March,1.848002,2.305311,-0.45731,0.179751,,
2022 April,1.747477,2.302727,-0.555251,-0.150951,,
2022 May,1.795012,2.33504,-0.540028,-0.341588,,
2022 June,1.80534,2.296877,-0.491537,-0.020826,,
2022 July,1.912767,2.293679,-0.380912,0.049561,,
2022 August,1.825898,2.330866,-0.504968,0.106068,,
2022 September,1.70473,2.26574,-0.56101,-0.344674,,
2022 October,1.771362,2.294317,-0.522955,-0.553425,,
2022 November,1.766973,2.315739,-0.548765,0.076656,,
2022 December,1.801606,2.408103,-0.606497,0.925583,,
2023 January,1.852574,2.274901,-0.422327,0.249295,,
2023 February,1.74655,2.216233,-0.469683,0.273532,,
2023 March,1.789032,2.646553,-0.85752,0.2677,,
2023 April,1.754215,2.379919,-0.625705,-0.495813,,
2023 May,1.81039,2.453716,-0.643326,-0.666629,,
2023 June,1.825118,2.397564,-0.572446,-0.340339,,
2023 July,1.803618,2.471963,-0.668346,0.028459,,
2023 August,1.915022,2.567337,-0.652315,0.020559,,
2023 September,1.785114,2.440726,-0.655612,-0.476032,,
2023 October,1.704523,2.53448,-0.829957,-0.345629,,
2023 November,1.818131,2.46521,-0.647079,-0.087476,,
2023 December,1.853243,2.80737,-0.954126,0.470565,,
2024 January,1.899152,2.556893,-0.65774,1.128284,,
2024 February,1.709414,2.544014,-0.834601,0.247457,,
2024 March,1.735436,2.638994,-0.903557,-0.043414,,
2024 April,1.771203,2.387858,-0.616656,-0.489542,,
2024 May,1.933818,2.538179,-0.60436,-0.52248,,
2024 June,1.81395,2.601642,-0.787692,-0.178488,,
2024 July,1.963837,2.534974,-0.571138,-0.031885,,
2024 August,1.782228,2.625348,-0.843121,0.112597,,
2024 September,1.724494,2.515702,-0.791208,-0.27403,,
2024 October,1.721368,2.560796,-0.839428,-0.338679,,
2024 November,1.744996,2.677249,-0.932254,0.049641,,
2024 December,1.859842,2.714154,-0.854312,0.572828,,